{"cameraMode":{"drawMode":0,"name":"Shaded","section":"Shading Mode"},"sceneLighting":false,"audioPlay":false,"sceneViewState":{"showFog":true,"showMaterialUpdate":true,"showSkybox":false,"showFlares":true,"showImageEffects":true,"showParticleSystems":true},"in2DMode":false,"pivot":{"x":0.06999999284744263,"y":0.0,"z":0.1499999761581421},"rotation":{"x":0.3550575375556946,"y":-0.12814025580883027,"z":0.04920518025755882,"w":0.9247357249259949},"size":3.6895127296447756,"orthographic":false}