{"cameraMode":{"drawMode":0,"name":"Shaded","section":"Shading Mode"},"sceneLighting":true,"audioPlay":false,"sceneViewState":{"showFog":true,"showMaterialUpdate":true,"showSkybox":true,"showFlares":true,"showImageEffects":true,"showParticleSystems":true},"in2DMode":false,"pivot":{"x":-0.1657634973526001,"y":-15.162673950195313,"z":28.901416778564454},"rotation":{"x":0.29547250270843508,"y":0.0952334925532341,"z":-0.029615849256515504,"w":0.9501315951347351},"size":9.82423210144043,"orthographic":false}