{"cameraMode":{"drawMode":0,"name":"Shaded","section":"Shading Mode"},"sceneLighting":false,"audioPlay":false,"sceneViewState":{"showFog":true,"showMaterialUpdate":true,"showSkybox":false,"showFlares":true,"showImageEffects":true,"showParticleSystems":true},"in2DMode":false,"pivot":{"x":0.011455327272415161,"y":0.9206807613372803,"z":0.2321084588766098},"rotation":{"x":-0.22363311052322389,"y":0.12331017851829529,"z":-0.028532225638628007,"w":-0.9664247632026672},"size":2.298903226852417,"orthographic":false}