{"cameraMode":{"drawMode":0,"name":"Shaded","section":"Shading Mode"},"sceneLighting":false,"audioPlay":false,"sceneViewState":{"showFog":true,"showMaterialUpdate":true,"showSkybox":false,"showFlares":true,"showImageEffects":true,"showParticleSystems":true},"in2DMode":false,"pivot":{"x":0.46372532844543459,"y":0.6598805785179138,"z":1.1218348741531373},"rotation":{"x":0.38559016585350039,"y":0.14468362927436829,"z":-0.061353135854005817,"w":0.9092156887054443},"size":2.8578836917877199,"orthographic":false}