{"cameraMode":{"drawMode":0,"name":"Shaded","section":"Shading Mode"},"sceneLighting":false,"audioPlay":false,"sceneViewState":{"showFog":true,"showMaterialUpdate":true,"showSkybox":false,"showFlares":true,"showImageEffects":true,"showParticleSystems":true},"in2DMode":false,"pivot":{"x":1.3379324674606324,"y":0.5453696250915527,"z":1.6109604835510255},"rotation":{"x":-0.30226537585258486,"y":0.42347821593284609,"z":-0.15233123302459718,"w":-0.8403028249740601},"size":2.168510675430298,"orthographic":false}