{"cameraMode":{"drawMode":0,"name":"Shaded","section":"Shading Mode"},"sceneLighting":false,"audioPlay":false,"sceneViewState":{"showFog":true,"showMaterialUpdate":true,"showSkybox":false,"showFlares":true,"showImageEffects":true,"showParticleSystems":true},"in2DMode":false,"pivot":{"x":3.991180658340454,"y":-5.383228778839111,"z":-12.660392761230469},"rotation":{"x":0.03462192416191101,"y":0.9649176001548767,"z":-0.1990138739347458,"w":0.1678096354007721},"size":16.58989715576172,"orthographic":false}